Fecha,Año,Mes,Día,Hora,Comuna,Tipo de Calle,Tipo de Víctima,Sexo,Edad
2016-01-01,2016,1,1,04:00:00,8,AVENIDA,MOTO,MASCULINO,19.0
2016-01-02,2016,1,2,01:15:00,9,GRAL PAZ,AUTO,MASCULINO,70.0
2016-01-03,2016,1,3,07:00:00,1,AVENIDA,MOTO,MASCULINO,30.0
2016-01-10,2016,1,10,00:00:00,8,AVENIDA,MOTO,MASCULINO,18.0
2016-01-21,2016,1,21,05:20:00,1,AVENIDA,MOTO,MASCULINO,29.0
2016-01-24,2016,1,24,18:30:00,8,AVENIDA,MOTO,MASCULINO,30.0
2016-01-24,2016,1,24,19:10:00,11,CALLE,MOTO,MASCULINO,29.0
2016-01-29,2016,1,29,15:20:00,9,GRAL PAZ,MOTO,MASCULINO,18.0
2016-02-08,2016,2,8,01:20:00,1,AVENIDA,MOTO,MASCULINO,22.0
2016-02-10,2016,2,10,11:30:00,1,AVENIDA,PEATON,MASCULINO,16.0
2016-02-14,2016,2,14,05:14:00,15,AVENIDA,PEATON,FEMENINO,16.0
2016-02-14,2016,2,14,22:00:00,4,AVENIDA,MOTO,FEMENINO,19.0
2016-02-15,2016,2,15,16:54:00,8,AVENIDA,PEATON,MASCULINO,59.0
2016-02-17,2016,2,17,09:30:00,9,CALLE,PEATON,FEMENINO,65.0
2016-02-17,2016,2,17,16:00:00,1,CALLE,PEATON,MASCULINO,59.0
2016-02-17,2016,2,17,23:35:00,7,AVENIDA,AUTO,MASCULINO,34.0
2016-02-21,2016,2,21,06:00:00,1,AVENIDA,MOTO,MASCULINO,41.0
2016-02-28,2016,2,28,04:50:00,8,GRAL PAZ,AUTO,MASCULINO,34.0
2016-02-28,2016,2,28,07:30:00,12,CALLE,AUTO,MASCULINO,30.0
2016-02-28,2016,2,28,09:35:00,7,AVENIDA,AUTO,MASCULINO,34.0
2016-03-02,2016,3,2,10:00:00,1,AVENIDA,PEATON,MASCULINO,50.0
2016-03-04,2016,3,4,17:30:00,12,AVENIDA,PEATON,MASCULINO,38.0
2016-03-08,2016,3,8,12:30:00,8,GRAL PAZ,MOTO,MASCULINO,21.0
2016-03-12,2016,3,12,12:30:00,4,AVENIDA,PEATON,MASCULINO,52.0
2016-03-13,2016,3,13,06:00:00,3,AVENIDA,MOTO,MASCULINO,34.0
2016-03-14,2016,3,14,00:15:00,4,CALLE,MOTO,MASCULINO,36.0
2016-03-19,2016,3,19,11:00:00,7,AVENIDA,MOTO,MASCULINO,20.0
2016-03-21,2016,3,21,08:06:00,8,GRAL PAZ,PEATON,MASCULINO,29.0
2016-03-23,2016,3,23,01:50:00,3,AVENIDA,MOTO,MASCULINO,20.0
2016-03-29,2016,3,29,11:00:00,7,AVENIDA,MOTO,MASCULINO,54.0
2016-03-29,2016,3,29,11:00:00,7,AVENIDA,MOTO,MASCULINO,42.16716867469879
2016-03-30,2016,3,30,18:15:00,8,AVENIDA,PEATON,FEMENINO,56.0
2016-03-31,2016,3,31,19:40:00,7,AVENIDA,MOTO,MASCULINO,24.0
2016-04-11,2016,4,11,10:25:00,13,GRAL PAZ,MOTO,MASCULINO,42.16716867469879
2016-04-15,2016,4,15,05:30:00,1,CALLE,PEATON,MASCULINO,41.0
2016-04-15,2016,4,15,17:40:00,15,AVENIDA,PEATON,FEMENINO,42.16716867469879
2016-04-17,2016,4,17,00:00:00,4,AUTOPISTA,,,42.16716867469879
2016-04-19,2016,4,19,09:50:00,8,AVENIDA,PEATON,MASCULINO,78.0
2016-04-20,2016,4,20,04:00:00,4,AVENIDA,MOTO,MASCULINO,36.0
2016-04-20,2016,4,20,20:00:00,13,AUTOPISTA,MOTO,,42.16716867469879
2016-04-22,2016,4,22,09:30:00,12,AVENIDA,PEATON,MASCULINO,38.0
2016-04-23,2016,4,23,21:00:00,8,AUTOPISTA,MOTO,MASCULINO,30.0
2016-04-25,2016,4,25,20:30:00,14,AVENIDA,PEATON,MASCULINO,79.0
2016-04-26,2016,4,26,04:45:00,14,AVENIDA,MOTO,MASCULINO,26.0
2016-05-04,2016,5,4,14:00:00,1,CALLE,PEATON,FEMENINO,57.0
2016-05-08,2016,5,8,16:30:00,1,CALLE,PEATON,MASCULINO,37.0
2016-05-14,2016,5,14,18:11:00,10,AVENIDA,PEATON,MASCULINO,20.0
2016-05-20,2016,5,20,14:40:00,6,AVENIDA,PEATON,MASCULINO,20.0
2016-05-21,2016,5,21,17:00:00,8,AVENIDA,MOTO,FEMENINO,30.0
2016-05-22,2016,5,22,22:00:00,2,AVENIDA,MOTO,MASCULINO,58.0
2016-05-23,2016,5,23,03:30:00,3,AVENIDA,AUTO,MASCULINO,30.0
2016-06-11,2016,6,11,15:00:00,10,CALLE,MOTO,MASCULINO,23.0
2016-06-12,2016,6,12,06:40:00,8,GRAL PAZ,AUTO,MASCULINO,60.0
2016-06-12,2016,6,12,23:13:00,8,AUTOPISTA,PEATON,MASCULINO,42.0
2016-06-13,2016,6,13,16:20:00,15,AVENIDA,PEATON,FEMENINO,53.0
2016-06-13,2016,6,13,21:52:00,1,AVENIDA,PEATON,FEMENINO,42.16716867469879
2016-06-13,2016,6,13,23:01:00,3,AVENIDA,MOTO,MASCULINO,30.0
2016-06-16,2016,6,16,17:13:00,13,AVENIDA,AUTO,FEMENINO,51.0
2016-06-18,2016,6,18,06:42:00,9,GRAL PAZ,AUTO,MASCULINO,60.0
2016-06-22,2016,6,22,07:42:00,12,AVENIDA,MOTO,MASCULINO,40.0
2016-06-27,2016,6,27,18:24:00,4,AVENIDA,PEATON,MASCULINO,87.0
2016-06-28,2016,6,28,20:46:00,6,AVENIDA,PEATON,FEMENINO,76.0
2016-06-29,2016,6,29,22:00:00,1,CALLE,PEATON,MASCULINO,57.0
2016-06-29,2016,6,29,22:00:00,4,AVENIDA,MOTO,MASCULINO,42.16716867469879
2016-06-30,2016,6,30,16:10:00,10,AVENIDA,PEATON,MASCULINO,75.0
2016-07-11,2016,7,11,15:30:00,12,CALLE,PEATON,FEMENINO,70.0
2016-07-14,2016,7,14,06:40:00,13,AUTOPISTA,PEATON,MASCULINO,35.0
2016-07-14,2016,7,14,22:00:00,5,AVENIDA,PEATON,MASCULINO,60.0
2016-07-15,2016,7,15,11:00:00,13,GRAL PAZ,MOTO,MASCULINO,24.0
2016-07-17,2016,7,17,03:30:00,6,AVENIDA,AUTO,MASCULINO,35.0
2016-07-23,2016,7,23,06:12:00,11,AVENIDA,MOTO,MASCULINO,29.0
2016-07-25,2016,7,25,07:00:00,8,AUTOPISTA,MOTO,MASCULINO,42.16716867469879
2016-07-26,2016,7,26,18:45:00,1,CALLE,PEATON,MASCULINO,80.0
2016-07-27,2016,7,27,16:08:00,3,AVENIDA,MOTO,FEMENINO,43.0
2016-07-29,2016,7,29,16:00:00,11,GRAL PAZ,CARGAS,MASCULINO,45.0
2016-08-03,2016,8,3,23:27:00,12,GRAL PAZ,MOTO,MASCULINO,57.0
2016-08-07,2016,8,7,19:42:00,9,GRAL PAZ,,MASCULINO,67.0
2016-08-10,2016,8,10,23:37:00,9,AVENIDA,MOTO,MASCULINO,29.0
2016-08-14,2016,8,14,21:15:00,9,AVENIDA,MOTO,MASCULINO,21.0
2016-08-17,2016,8,17,00:05:00,15,AVENIDA,PEATON,MASCULINO,19.0
2016-08-19,2016,8,19,21:02:00,1,AVENIDA,PEATON,MASCULINO,38.0
2016-08-20,2016,8,20,08:22:00,4,AUTOPISTA,MOTO,MASCULINO,21.0
2016-08-24,2016,8,24,05:45:00,9,AUTOPISTA,AUTO,FEMENINO,53.0
2016-08-24,2016,8,24,20:21:00,9,AVENIDA,PEATON,MASCULINO,57.0
2016-08-25,2016,8,25,09:30:00,15,AUTOPISTA,MOTO,MASCULINO,27.0
2016-08-27,2016,8,27,04:40:00,1,AUTOPISTA,MOTO,MASCULINO,24.0
2016-08-27,2016,8,27,16:45:00,9,AVENIDA,PEATON,FEMENINO,60.0
2016-08-31,2016,8,31,11:20:00,14,CALLE,BICICLETA,FEMENINO,55.0
2016-09-02,2016,9,2,11:50:00,12,CALLE,,MASCULINO,42.16716867469879
2016-09-02,2016,9,2,20:20:00,8,AVENIDA,MOTO,MASCULINO,30.0
2016-09-03,2016,9,3,15:30:00,14,AVENIDA,AUTO,MASCULINO,43.0
2016-09-04,2016,9,4,03:30:00,1,AUTOPISTA,AUTO,MASCULINO,27.0
2016-09-04,2016,9,4,06:40:00,12,AVENIDA,,FEMENINO,42.16716867469879
2016-09-13,2016,9,13,07:10:00,9,AVENIDA,BICICLETA,MASCULINO,49.0
2016-09-14,2016,9,14,09:00:00,7,AVENIDA,MOTO,FEMENINO,58.0
2016-09-16,2016,9,16,15:24:00,7,AVENIDA,PEATON,MASCULINO,67.0
2016-09-17,2016,9,17,12:14:00,10,AUTOPISTA,MOTO,MASCULINO,30.0
2016-09-18,2016,9,18,22:45:00,10,CALLE,AUTO,MASCULINO,37.0
2016-09-18,2016,9,18,22:45:00,10,CALLE,AUTO,MASCULINO,60.0
2016-09-24,2016,9,24,10:25:00,8,AVENIDA,PEATON,MASCULINO,50.0
2016-10-02,2016,10,2,11:30:00,5,AVENIDA,PEATON,FEMENINO,81.0
2016-10-04,2016,10,4,12:30:00,1,AUTOPISTA,MOTO,MASCULINO,29.0
2016-10-09,2016,10,9,19:13:00,4,CALLE,PEATON,MASCULINO,35.0
2016-10-10,2016,10,10,02:30:00,3,AVENIDA,AUTO,MASCULINO,30.0
2016-10-14,2016,10,14,00:05:00,14,AVENIDA,MOTO,MASCULINO,41.0
2016-10-23,2016,10,23,05:00:00,8,AVENIDA,MOTO,MASCULINO,25.0
2016-10-24,2016,10,24,05:00:00,14,AVENIDA,PEATON,MASCULINO,29.0
2016-10-25,2016,10,25,00:00:00,4,AUTOPISTA,MOTO,,42.16716867469879
2016-10-25,2016,10,25,00:39:00,11,AVENIDA,MOTO,MASCULINO,30.0
2016-10-27,2016,10,27,20:30:00,13,AVENIDA,BICICLETA,FEMENINO,33.0
2016-10-28,2016,10,28,23:00:00,14,AVENIDA,MOTO,FEMENINO,35.0
2016-10-31,2016,10,31,02:58:00,13,AVENIDA,PASAJEROS,MASCULINO,20.0
2016-11-05,2016,11,5,23:30:00,1,AVENIDA,MOTO,MASCULINO,46.0
2016-11-06,2016,11,6,04:41:00,8,AVENIDA,MOTO,MASCULINO,35.0
2016-11-07,2016,11,7,12:10:00,4,AVENIDA,PEATON,MASCULINO,83.0
2016-11-07,2016,11,7,20:56:00,13,AVENIDA,MOTO,MASCULINO,39.0
2016-11-09,2016,11,9,20:00:00,4,AVENIDA,PEATON,FEMENINO,29.0
2016-11-16,2016,11,16,21:15:00,1,AVENIDA,MOVIL,MASCULINO,55.0
2016-11-16,2016,11,16,22:20:00,15,AVENIDA,MOTO,MASCULINO,42.16716867469879
2016-11-18,2016,11,18,18:20:00,4,AVENIDA,CARGAS,MASCULINO,41.0
2016-11-18,2016,11,18,20:35:00,0,CALLE,PEATON,,42.16716867469879
2016-11-23,2016,11,23,21:10:00,7,AVENIDA,MOTO,MASCULINO,42.0
2016-11-25,2016,11,25,15:42:00,15,AVENIDA,PEATON,FEMENINO,83.0
2016-11-26,2016,11,26,14:14:00,8,GRAL PAZ,MOTO,MASCULINO,38.0
2016-11-26,2016,11,26,16:50:00,10,CALLE,PEATON,FEMENINO,29.0
2016-11-26,2016,11,26,19:40:00,3,AVENIDA,MOTO,MASCULINO,23.0
2016-12-03,2016,12,3,06:40:00,11,AVENIDA,MOTO,MASCULINO,23.0
2016-12-04,2016,12,4,07:21:00,8,AVENIDA,AUTO,MASCULINO,23.0
2016-12-06,2016,12,6,05:30:00,9,AUTOPISTA,CARGAS,MASCULINO,29.0
2016-12-06,2016,12,6,07:22:00,14,AVENIDA,PEATON,MASCULINO,50.0
2016-12-07,2016,12,7,05:00:00,15,AVENIDA,PEATON,MASCULINO,38.0
2016-12-10,2016,12,10,07:30:00,11,GRAL PAZ,MOTO,MASCULINO,23.0
2016-12-11,2016,12,11,06:16:00,4,AVENIDA,AUTO,MASCULINO,29.0
2016-12-12,2016,12,12,08:25:00,4,AVENIDA,BICICLETA,MASCULINO,37.0
2016-12-13,2016,12,13,10:40:00,4,AVENIDA,MOTO,MASCULINO,43.0
2016-12-15,2016,12,15,15:30:00,12,AVENIDA,MOTO,MASCULINO,24.0
2016-12-19,2016,12,19,17:10:00,12,GRAL PAZ,MOTO,MASCULINO,21.0
2016-12-25,2016,12,25,19:00:00,1,AUTOPISTA,MOTO,,42.16716867469879
2016-12-26,2016,12,26,08:00:00,5,AVENIDA,MOTO,MASCULINO,38.0
2016-12-26,2016,12,26,19:52:00,7,AVENIDA,MOTO,MASCULINO,35.0
2016-12-27,2016,12,27,00:00:00,0,AUTOPISTA,,,42.16716867469879
2016-12-27,2016,12,27,08:15:00,7,CALLE,PEATON,FEMENINO,42.16716867469879
2016-12-28,2016,12,28,01:41:00,1,AVENIDA,MOTO,MASCULINO,28.0
2016-12-29,2016,12,29,04:00:00,14,CALLE,PEATON,FEMENINO,27.0
2016-12-30,2016,12,30,16:18:00,3,CALLE,PEATON,FEMENINO,7.0
2017-01-02,2017,1,2,01:00:00,11,AVENIDA,MOTO,MASCULINO,18.0
2017-01-05,2017,1,5,03:10:00,4,AVENIDA,CARGAS,MASCULINO,33.0
2017-01-11,2017,1,11,17:00:00,1,CALLE,PEATON,MASCULINO,48.0
2017-01-16,2017,1,16,00:40:00,14,CALLE,MOTO,MASCULINO,29.0
2017-01-16,2017,1,16,13:56:00,5,AUTOPISTA,MOTO,MASCULINO,36.0
2017-01-16,2017,1,16,16:30:00,6,AVENIDA,MOTO,MASCULINO,23.0
2017-01-22,2017,1,22,02:30:00,12,GRAL PAZ,MOTO,FEMENINO,29.0
2017-01-24,2017,1,24,14:00:00,4,CALLE,MOTO,MASCULINO,30.0
2017-01-27,2017,1,27,07:00:00,4,AVENIDA,PEATON,MASCULINO,4.0
2017-01-28,2017,1,28,08:27:34,12,AVENIDA,MOTO,FEMENINO,22.0
2017-02-02,2017,2,2,15:18:03,2,AVENIDA,PEATON,MASCULINO,82.0
2017-02-03,2017,2,3,05:12:21,1,AUTOPISTA,MOTO,MASCULINO,27.0
2017-02-06,2017,2,6,08:00:00,14,AVENIDA,MOTO,MASCULINO,32.0
2017-02-09,2017,2,9,07:00:00,9,GRAL PAZ,MOTO,MASCULINO,30.0
2017-02-18,2017,2,18,05:30:00,1,CALLE,MOTO,MASCULINO,43.0
2017-02-23,2017,2,23,20:50:00,7,AVENIDA,PEATON,MASCULINO,39.0
2017-02-24,2017,2,24,17:05:00,7,AVENIDA,MOTO,MASCULINO,23.0
2017-02-26,2017,2,26,05:15:00,4,AVENIDA,AUTO,FEMENINO,23.0
2017-02-26,2017,2,26,05:15:00,4,AVENIDA,AUTO,MASCULINO,19.0
2017-02-26,2017,2,26,21:57:00,1,AVENIDA,PEATON,MASCULINO,42.16716867469879
2017-02-28,2017,2,28,09:20:00,6,AVENIDA,PEATON,MASCULINO,87.0
2017-03-07,2017,3,7,02:15:00,9,CALLE,,MASCULINO,34.0
2017-03-07,2017,3,7,08:00:00,9,AVENIDA,AUTO,FEMENINO,27.0
2017-03-11,2017,3,11,01:30:00,3,CALLE,AUTO,MASCULINO,70.0
2017-03-12,2017,3,12,05:00:00,8,GRAL PAZ,AUTO,FEMENINO,40.0
2017-03-12,2017,3,12,07:30:00,11,GRAL PAZ,AUTO,MASCULINO,28.0
2017-03-13,2017,3,13,07:50:00,14,CALLE,PEATON,MASCULINO,43.0
2017-03-23,2017,3,23,05:00:00,1,AVENIDA,AUTO,MASCULINO,28.0
2017-03-23,2017,3,23,05:00:00,1,AVENIDA,AUTO,MASCULINO,32.0
2017-03-23,2017,3,23,05:00:00,1,AVENIDA,AUTO,MASCULINO,30.0
2017-03-29,2017,3,29,18:00:00,12,GRAL PAZ,MOTO,FEMENINO,42.16716867469879
2017-03-29,2017,3,29,18:00:00,12,GRAL PAZ,MOTO,MASCULINO,20.0
2017-03-31,2017,3,31,03:00:00,1,AVENIDA,MOTO,MASCULINO,41.0
2017-04-01,2017,4,1,19:00:00,7,AVENIDA,MOTO,FEMENINO,40.0
2017-04-03,2017,4,3,09:40:00,13,AVENIDA,AUTO,MASCULINO,43.0
2017-04-03,2017,4,3,23:15:00,7,CALLE,MOTO,MASCULINO,17.0
2017-04-10,2017,4,10,09:00:00,14,GRAL PAZ,MOTO,MASCULINO,42.16716867469879
2017-04-14,2017,4,14,06:15:00,10,CALLE,MOTO,MASCULINO,21.0
2017-04-23,2017,4,23,06:30:00,8,AVENIDA,MOTO,MASCULINO,37.0
2017-04-27,2017,4,27,18:16:00,8,AVENIDA,PEATON,MASCULINO,22.0
2017-04-28,2017,4,28,11:08:08,9,AUTOPISTA,MOTO,MASCULINO,46.0
2017-04-28,2017,4,28,11:08:08,9,AUTOPISTA,MOTO,MASCULINO,16.0
2017-05-01,2017,5,1,03:47:47,7,AUTOPISTA,AUTO,MASCULINO,33.0
2017-05-05,2017,5,5,03:40:00,8,GRAL PAZ,PEATON,FEMENINO,47.0
2017-05-05,2017,5,5,20:16:22,4,CALLE,MOTO,MASCULINO,28.0
2017-05-07,2017,5,7,21:00:00,15,AVENIDA,MOTO,FEMENINO,20.0
2017-05-09,2017,5,9,08:30:00,12,AVENIDA,AUTO,MASCULINO,32.0
2017-05-09,2017,5,9,23:10:00,1,AVENIDA,PEATON,MASCULINO,80.0
2017-05-11,2017,5,11,09:24:00,1,CALLE,PEATON,FEMENINO,39.0
2017-05-13,2017,5,13,07:20:00,8,AVENIDA,MOTO,MASCULINO,30.0
2017-05-15,2017,5,15,13:29:30,2,AVENIDA,PEATON,MASCULINO,47.0
2017-05-15,2017,5,15,16:00:00,10,AVENIDA,MOTO,MASCULINO,35.0
2017-05-17,2017,5,17,10:13:00,1,AVENIDA,PEATON,FEMENINO,79.0
2017-05-20,2017,5,20,05:00:00,1,CALLE,CARGAS,MASCULINO,61.0
2017-05-22,2017,5,22,16:00:00,4,AVENIDA,BICICLETA,MASCULINO,21.0
2017-05-22,2017,5,22,18:10:00,15,AVENIDA,PEATON,MASCULINO,10.0
2017-05-23,2017,5,23,02:45:00,6,AVENIDA,MOTO,MASCULINO,21.0
2017-05-27,2017,5,27,19:50:00,8,AVENIDA,MOTO,MASCULINO,32.0
2017-05-30,2017,5,30,13:20:00,11,CALLE,PEATON,MASCULINO,80.0
2017-06-03,2017,6,3,23:20:00,12,AVENIDA,AUTO,MASCULINO,25.0
2017-06-04,2017,6,4,09:00:00,3,AVENIDA,MOTO,MASCULINO,19.0
2017-06-04,2017,6,4,12:50:00,9,CALLE,,MASCULINO,70.0
2017-06-12,2017,6,12,22:38:00,1,AVENIDA,PEATON,MASCULINO,55.0
2017-06-13,2017,6,13,14:50:00,2,AVENIDA,PEATON,FEMENINO,30.0
2017-06-17,2017,6,17,23:45:00,14,CALLE,MOTO,FEMENINO,60.0
2017-06-19,2017,6,19,16:26:00,3,CALLE,MOTO,MASCULINO,33.0
2017-06-22,2017,6,22,10:15:00,9,AVENIDA,PEATON,FEMENINO,95.0
2017-06-25,2017,6,25,22:40:00,4,AVENIDA,PEATON,MASCULINO,36.0
2017-07-04,2017,7,4,00:25:00,9,AVENIDA,MOTO,MASCULINO,37.0
2017-07-05,2017,7,5,12:49:00,2,AVENIDA,PEATON,FEMENINO,73.0
2017-07-07,2017,7,7,14:15:00,4,AVENIDA,PEATON,MASCULINO,84.0
2017-07-09,2017,7,9,07:30:00,9,AVENIDA,PEATON,FEMENINO,30.0
2017-07-10,2017,7,10,10:45:00,3,CALLE,PEATON,FEMENINO,73.0
2017-07-10,2017,7,10,22:30:00,1,AVENIDA,PEATON,MASCULINO,43.0
2017-07-13,2017,7,13,12:05:00,9,CALLE,,MASCULINO,23.0
2017-07-15,2017,7,15,05:15:00,11,GRAL PAZ,PEATON,MASCULINO,22.0
2017-07-15,2017,7,15,13:00:00,12,GRAL PAZ,MOTO,MASCULINO,58.0
2017-07-24,2017,7,24,22:16:01,1,AUTOPISTA,PEATON,MASCULINO,66.0
2017-07-25,2017,7,25,16:48:40,13,AUTOPISTA,PEATON,MASCULINO,42.16716867469879
2017-07-27,2017,7,27,08:50:00,10,CALLE,BICICLETA,FEMENINO,56.0
2017-08-06,2017,8,6,08:00:00,14,AVENIDA,MOTO,MASCULINO,36.0
2017-08-07,2017,8,7,19:50:00,13,AVENIDA,PEATON,MASCULINO,87.0
2017-08-08,2017,8,8,12:10:00,7,CALLE,PEATON,FEMENINO,61.0
2017-08-17,2017,8,17,19:45:00,14,AVENIDA,BICICLETA,MASCULINO,28.0
2017-08-21,2017,8,21,07:45:00,3,CALLE,MOTO,FEMENINO,16.0
2017-08-23,2017,8,23,10:00:00,13,AVENIDA,PEATON,FEMENINO,61.0
2017-08-24,2017,8,24,01:10:00,4,AVENIDA,PEATON,MASCULINO,46.0
2017-08-25,2017,8,25,09:00:00,1,AVENIDA,PEATON,FEMENINO,18.0
2017-08-31,2017,8,31,19:50:00,14,CALLE,PEATON,FEMENINO,85.0
2017-09-01,2017,9,1,11:30:00,13,AVENIDA,MOTO,MASCULINO,41.0
2017-09-02,2017,9,2,04:53:08,12,GRAL PAZ,OBJETO FIJO,MASCULINO,17.0
2017-09-02,2017,9,2,04:53:08,12,GRAL PAZ,OBJETO FIJO,MASCULINO,10.0
2017-09-04,2017,9,4,21:00:00,7,AVENIDA,MOTO,MASCULINO,21.0
2017-09-06,2017,9,6,14:15:00,1,AVENIDA,PEATON,MASCULINO,56.0
2017-09-07,2017,9,7,18:23:37,4,CALLE,PEATON,FEMENINO,79.0
2017-09-10,2017,9,10,09:32:17,7,AUTOPISTA,AUTO,MASCULINO,1.0
2017-09-10,2017,9,10,09:32:17,7,AUTOPISTA,AUTO,MASCULINO,42.16716867469879
2017-09-11,2017,9,11,06:30:00,1,AVENIDA,PEATON,FEMENINO,76.0
2017-09-15,2017,9,15,02:30:00,2,AVENIDA,AUTO,MASCULINO,26.0
2017-09-19,2017,9,19,18:52:33,5,AVENIDA,MOTO,MASCULINO,34.0
2017-09-20,2017,9,20,22:24:00,12,GRAL PAZ,MOTO,MASCULINO,22.0
2017-09-22,2017,9,22,07:02:09,4,AVENIDA,MOTO,FEMENINO,26.0
2017-10-02,2017,10,2,15:55:33,9,AUTOPISTA,MOTO,MASCULINO,20.0
2017-10-10,2017,10,10,01:05:38,8,AVENIDA,PEATON,FEMENINO,36.0
2017-10-12,2017,10,12,14:40:28,15,CALLE,MOTO,MASCULINO,51.0
2017-10-13,2017,10,13,06:12:20,8,AVENIDA,MOTO,MASCULINO,29.0
2017-10-14,2017,10,14,06:15:00,8,AVENIDA,AUTO,MASCULINO,39.0
2017-10-14,2017,10,14,06:15:00,8,AVENIDA,AUTO,MASCULINO,36.0
2017-10-16,2017,10,16,07:45:00,2,AVENIDA,MOTO,MASCULINO,24.0
2017-10-17,2017,10,17,12:30:00,6,CALLE,PEATON,FEMENINO,60.0
2017-10-26,2017,10,26,19:15:15,9,AUTOPISTA,MOTO,MASCULINO,57.0
2017-10-27,2017,10,27,05:30:00,15,AVENIDA,AUTO,MASCULINO,23.0
2017-10-30,2017,10,30,14:00:00,8,AVENIDA,MOTO,MASCULINO,23.0
2017-11-06,2017,11,6,18:00:00,8,AVENIDA,PEATON,FEMENINO,47.0
2017-11-07,2017,11,7,12:14:10,15,AVENIDA,MOTO,MASCULINO,24.0
2017-11-16,2017,11,16,08:43:00,4,AVENIDA,PEATON,MASCULINO,55.0
2017-11-17,2017,11,17,11:45:00,11,AVENIDA,PEATON,FEMENINO,60.0
2017-11-19,2017,11,19,10:30:00,7,AVENIDA,MOTO,MASCULINO,25.0
2017-11-19,2017,11,19,22:30:00,8,AVENIDA,AUTO,FEMENINO,15.0
2017-11-19,2017,11,19,23:22:17,4,AUTOPISTA,MOTO,MASCULINO,24.0
2017-11-23,2017,11,23,19:45:00,6,AVENIDA,PEATON,FEMENINO,22.0
2017-11-25,2017,11,25,21:45:00,11,CALLE,AUTO,MASCULINO,50.0
2017-11-26,2017,11,26,06:45:00,8,GRAL PAZ,AUTO,FEMENINO,50.0
2017-11-26,2017,11,26,17:05:00,5,CALLE,MOTO,MASCULINO,58.0
2017-11-28,2017,11,28,11:15:00,9,GRAL PAZ,MOTO,MASCULINO,49.0
2017-11-29,2017,11,29,10:45:00,3,AVENIDA,PEATON,FEMENINO,82.0
2017-11-30,2017,11,30,12:20:00,1,AVENIDA,PEATON,MASCULINO,13.0
2017-12-04,2017,12,4,01:15:00,9,AVENIDA,PEATON,MASCULINO,56.0
2017-12-04,2017,12,4,02:15:00,4,CALLE,PEATON,MASCULINO,42.16716867469879
2017-12-06,2017,12,6,17:30:00,4,CALLE,BICICLETA,MASCULINO,19.0
2017-12-11,2017,12,11,02:00:00,6,AVENIDA,MOTO,MASCULINO,42.16716867469879
2017-12-11,2017,12,11,02:00:00,6,AVENIDA,MOTO,MASCULINO,30.0
2017-12-11,2017,12,11,09:15:00,4,AVENIDA,PEATON,MASCULINO,76.0
2017-12-12,2017,12,12,21:25:41,7,AVENIDA,,MASCULINO,77.0
2017-12-17,2017,12,17,09:02:00,9,GRAL PAZ,AUTO,MASCULINO,53.0
2017-12-18,2017,12,18,21:30:00,11,GRAL PAZ,MOTO,MASCULINO,32.0
2017-12-20,2017,12,20,04:31:27,1,AVENIDA,MOTO,MASCULINO,27.0
2017-12-22,2017,12,22,13:15:00,7,AVENIDA,PEATON,FEMENINO,30.0
2017-12-26,2017,12,26,15:30:00,9,AVENIDA,PEATON,FEMENINO,30.0
2018-01-01,2018,1,1,22:50:00,3,AVENIDA,PEATON,MASCULINO,83.0
2018-01-03,2018,1,3,16:40:00,1,CALLE,BICICLETA,FEMENINO,26.0
2018-01-05,2018,1,5,10:12:00,15,AVENIDA,PEATON,FEMENINO,58.0
2018-01-09,2018,1,9,09:40:00,13,AVENIDA,MOTO,MASCULINO,39.0
2018-01-09,2018,1,9,22:30:00,1,AVENIDA,PEATON,MASCULINO,54.0
2018-01-10,2018,1,10,21:15:00,6,CALLE,BICICLETA,FEMENINO,45.0
2018-01-11,2018,1,11,02:30:00,9,AUTOPISTA,AUTO,MASCULINO,46.0
2018-01-12,2018,1,12,17:50:00,1,AVENIDA,MOTO,FEMENINO,32.0
2018-01-14,2018,1,14,02:00:00,4,AVENIDA,MOTO,MASCULINO,19.0
2018-01-18,2018,1,18,05:10:00,10,CALLE,MOTO,MASCULINO,40.0
2018-01-19,2018,1,19,10:30:00,2,AVENIDA,PEATON,MASCULINO,84.0
2018-01-26,2018,1,26,13:30:00,8,CALLE,MOTO,MASCULINO,20.0
2018-01-28,2018,1,28,08:15:00,12,AVENIDA,MOTO,MASCULINO,44.0
2018-01-31,2018,1,31,20:00:00,7,AVENIDA,PEATON,MASCULINO,42.16716867469879
2018-02-06,2018,2,6,01:00:00,4,AVENIDA,MOTO,MASCULINO,28.0
2018-02-06,2018,2,6,01:00:00,4,AVENIDA,MOTO,MASCULINO,19.0
2018-02-15,2018,2,15,10:15:00,1,AVENIDA,MOTO,MASCULINO,31.0
2018-02-17,2018,2,17,04:15:00,7,AVENIDA,PEATON,MASCULINO,35.0
2018-02-17,2018,2,17,07:15:00,4,CALLE,MOTO,MASCULINO,26.0
2018-02-17,2018,2,17,12:30:00,2,AVENIDA,PEATON,FEMENINO,80.0
2018-02-19,2018,2,19,22:00:00,8,AUTOPISTA,MOTO,MASCULINO,26.0
2018-02-22,2018,2,22,10:45:00,4,AVENIDA,PEATON,FEMENINO,62.0
2018-02-24,2018,2,24,00:00:00,4,AVENIDA,MOTO,MASCULINO,28.0
2018-02-24,2018,2,24,06:00:00,6,CALLE,MOTO,MASCULINO,28.0
2018-02-28,2018,2,28,23:00:00,15,AVENIDA,PEATON,MASCULINO,70.0
2018-03-04,2018,3,4,22:30:00,7,AVENIDA,PEATON,MASCULINO,70.0
2018-03-09,2018,3,9,04:45:00,4,AVENIDA,MOVIL,MASCULINO,24.0
2018-03-09,2018,3,9,04:45:00,4,AVENIDA,MOVIL,MASCULINO,30.0
2018-03-11,2018,3,11,23:00:00,5,CALLE,PEATON,FEMENINO,74.0
2018-03-13,2018,3,13,15:45:00,9,AVENIDA,PEATON,MASCULINO,71.0
2018-03-15,2018,3,15,18:00:00,11,AVENIDA,MOTO,MASCULINO,26.0
2018-03-20,2018,3,20,01:30:00,15,AVENIDA,MOTO,MASCULINO,24.0
2018-03-28,2018,3,28,10:15:00,11,AVENIDA,MOTO,MASCULINO,31.0
2018-04-02,2018,4,2,13:00:00,13,AVENIDA,PEATON,MASCULINO,70.0
2018-04-07,2018,4,7,07:30:00,10,AVENIDA,MOTO,FEMENINO,42.0
2018-04-11,2018,4,11,18:15:00,2,AVENIDA,PEATON,MASCULINO,24.0
2018-04-12,2018,4,12,16:45:00,7,AVENIDA,PEATON,FEMENINO,39.0
2018-04-13,2018,4,13,23:15:00,15,AVENIDA,MOTO,MASCULINO,37.0
2018-04-18,2018,4,18,18:45:00,2,AVENIDA,PEATON,MASCULINO,84.0
2018-04-20,2018,4,20,17:10:00,1,AVENIDA,PEATON,FEMENINO,59.0
2018-04-20,2018,4,20,17:10:00,1,AVENIDA,PEATON,MASCULINO,61.0
2018-04-21,2018,4,21,22:15:00,14,AUTOPISTA,PEATON,MASCULINO,37.0
2018-04-27,2018,4,27,11:00:00,13,CALLE,PEATON,FEMENINO,42.16716867469879
2018-04-27,2018,4,27,13:30:00,4,AVENIDA,PEATON,FEMENINO,78.0
2018-04-27,2018,4,27,18:43:00,4,CALLE,MOTO,MASCULINO,23.0
2018-04-28,2018,4,28,06:30:00,11,AVENIDA,MOTO,MASCULINO,25.0
2018-04-28,2018,4,28,09:00:00,3,AVENIDA,PEATON,FEMENINO,50.0
2018-04-30,2018,4,30,07:00:00,13,AVENIDA,AUTO,MASCULINO,60.0
2018-05-02,2018,5,2,03:15:00,9,GRAL PAZ,PEATON,MASCULINO,11.0
2018-05-08,2018,5,8,19:00:00,15,AVENIDA,PEATON,MASCULINO,82.0
2018-05-09,2018,5,9,10:30:00,7,AVENIDA,PEATON,MASCULINO,57.0
2018-05-11,2018,5,11,19:15:00,13,CALLE,PEATON,FEMENINO,40.0
2018-05-14,2018,5,14,18:45:00,13,AVENIDA,PEATON,FEMENINO,47.0
2018-05-15,2018,5,15,21:15:00,4,CALLE,PEATON,FEMENINO,57.0
2018-05-18,2018,5,18,20:30:00,15,AVENIDA,PEATON,MASCULINO,78.0
2018-05-20,2018,5,20,02:30:00,3,CALLE,MOTO,MASCULINO,43.0
2018-05-22,2018,5,22,11:15:00,12,CALLE,PEATON,FEMENINO,86.0
2018-05-29,2018,5,29,07:30:00,3,AVENIDA,MOTO,MASCULINO,21.0
2018-06-02,2018,6,2,13:00:00,9,AVENIDA,PEATON,FEMENINO,69.0
2018-06-03,2018,6,3,03:30:00,3,CALLE,MOTO,MASCULINO,33.0
2018-06-03,2018,6,3,06:30:00,15,AVENIDA,MOTO,MASCULINO,26.0
2018-06-08,2018,6,8,06:20:00,5,AVENIDA,MOTO,MASCULINO,54.0
2018-06-08,2018,6,8,12:50:00,1,AVENIDA,PEATON,MASCULINO,51.0
2018-06-10,2018,6,10,11:15:00,3,CALLE,MOTO,MASCULINO,51.0
2018-06-14,2018,6,14,01:00:00,6,CALLE,PEATON,MASCULINO,32.0
2018-06-16,2018,6,16,21:15:00,1,AVENIDA,PEATON,FEMENINO,28.0
2018-06-25,2018,6,25,01:15:00,7,AVENIDA,AUTO,MASCULINO,30.0
2018-06-26,2018,6,26,17:30:00,1,CALLE,MOTO,MASCULINO,35.0
2018-06-28,2018,6,28,11:00:00,15,AVENIDA,PEATON,MASCULINO,73.0
2018-06-29,2018,6,29,16:15:00,4,AVENIDA,PASAJEROS,FEMENINO,81.0
2018-07-01,2018,7,1,09:00:00,7,AVENIDA,MOTO,MASCULINO,21.0
2018-07-04,2018,7,4,21:45:00,2,AVENIDA,BICICLETA,MASCULINO,20.0
2018-07-07,2018,7,7,15:45:00,3,CALLE,MOTO,MASCULINO,33.0
2018-07-10,2018,7,10,17:50:00,1,AVENIDA,MOTO,MASCULINO,42.16716867469879
2018-07-11,2018,7,11,13:15:00,8,AUTOPISTA,MOTO,MASCULINO,27.0
2018-07-11,2018,7,11,15:45:00,4,AVENIDA,PEATON,FEMENINO,67.0
2018-07-14,2018,7,14,06:04:00,7,AVENIDA,AUTO,MASCULINO,25.0
2018-07-15,2018,7,15,07:30:00,14,AVENIDA,PEATON,MASCULINO,23.0
2018-07-16,2018,7,16,09:30:00,9,CALLE,AUTO,MASCULINO,73.0
2018-07-16,2018,7,16,23:15:00,3,CALLE,AUTO,MASCULINO,58.0
2018-07-21,2018,7,21,06:15:00,2,CALLE,PEATON,MASCULINO,27.0
2018-07-23,2018,7,23,07:15:00,9,GRAL PAZ,PEATON,MASCULINO,42.16716867469879
2018-07-25,2018,7,25,22:22:00,9,AVENIDA,PEATON,MASCULINO,26.0
2018-07-29,2018,7,29,06:30:00,7,AVENIDA,PEATON,MASCULINO,35.0
2018-08-01,2018,8,1,15:53:00,9,AVENIDA,MOTO,FEMENINO,17.0
2018-08-02,2018,8,2,05:20:00,8,GRAL PAZ,MOTO,MASCULINO,42.16716867469879
2018-08-03,2018,8,3,07:25:00,1,AVENIDA,PEATON,MASCULINO,45.0
2018-08-03,2018,8,3,18:16:00,3,AVENIDA,MOTO,FEMENINO,22.0
2018-08-03,2018,8,3,18:16:00,3,AVENIDA,MOTO,MASCULINO,30.0
2018-08-10,2018,8,10,21:44:00,9,AVENIDA,PEATON,MASCULINO,40.0
2018-08-15,2018,8,15,19:20:00,5,AVENIDA,PEATON,MASCULINO,75.0
2018-08-17,2018,8,17,16:36:00,12,GRAL PAZ,MOTO,MASCULINO,42.16716867469879
2018-08-17,2018,8,17,17:56:00,4,AVENIDA,PEATON,MASCULINO,80.0
2018-08-18,2018,8,18,10:34:00,8,AVENIDA,MOTO,MASCULINO,27.0
2018-08-19,2018,8,19,18:47:00,9,AUTOPISTA,AUTO,FEMENINO,23.0
2018-08-20,2018,8,20,08:20:00,14,AVENIDA,MOTO,MASCULINO,23.0
2018-08-20,2018,8,20,08:41:00,1,CALLE,PEATON,MASCULINO,24.0
2018-08-23,2018,8,23,05:35:00,14,CALLE,MOTO,MASCULINO,32.0
2018-08-26,2018,8,26,00:59:00,9,AVENIDA,AUTO,FEMENINO,49.0
2018-08-31,2018,8,31,22:20:00,8,AUTOPISTA,PEATON,MASCULINO,39.0
2018-09-02,2018,9,2,10:50:00,8,AVENIDA,AUTO,FEMENINO,35.0
2018-09-09,2018,9,9,05:00:00,8,GRAL PAZ,AUTO,MASCULINO,55.0
2018-09-09,2018,9,9,05:00:00,8,GRAL PAZ,AUTO,MASCULINO,54.0
2018-09-12,2018,9,12,14:25:00,7,AVENIDA,PEATON,MASCULINO,18.0
2018-09-20,2018,9,20,10:30:00,1,AVENIDA,MOTO,FEMENINO,33.0
2018-09-21,2018,9,21,00:15:00,12,GRAL PAZ,AUTO,MASCULINO,42.16716867469879
2018-09-21,2018,9,21,00:30:00,4,CALLE,MOTO,MASCULINO,20.0
2018-09-27,2018,9,27,17:51:00,7,AVENIDA,PEATON,MASCULINO,1.0
2018-10-01,2018,10,1,08:58:00,4,AUTOPISTA,MOTO,MASCULINO,22.0
2018-10-03,2018,10,3,18:12:00,7,AVENIDA,PEATON,FEMENINO,56.0
2018-10-04,2018,10,4,22:02:00,13,AVENIDA,MOTO,MASCULINO,27.0
2018-10-06,2018,10,6,14:20:00,3,AVENIDA,PEATON,FEMENINO,62.0
2018-10-09,2018,10,9,14:00:00,1,AVENIDA,MOTO,MASCULINO,37.0
2018-10-10,2018,10,10,22:12:00,1,AVENIDA,PEATON,MASCULINO,34.0
2018-10-13,2018,10,13,03:05:00,15,AVENIDA,PEATON,MASCULINO,60.0
2018-10-19,2018,10,19,12:13:00,9,AUTOPISTA,MOTO,MASCULINO,28.0
2018-10-24,2018,10,24,09:18:00,15,CALLE,MOTO,FEMENINO,28.0
2018-10-25,2018,10,25,11:00:00,11,CALLE,MOTO,MASCULINO,20.0
2018-10-30,2018,10,30,02:15:00,1,AVENIDA,MOTO,MASCULINO,23.0
2018-10-31,2018,10,31,12:30:00,9,CALLE,PEATON,MASCULINO,42.0
2018-11-01,2018,11,1,10:50:00,8,GRAL PAZ,PEATON,MASCULINO,48.0
2018-11-04,2018,11,4,08:15:00,9,AVENIDA,MOTO,MASCULINO,30.0
2018-11-05,2018,11,5,14:49:00,3,AVENIDA,PEATON,FEMENINO,80.0
2018-11-05,2018,11,5,22:35:00,8,AVENIDA,PEATON,FEMENINO,32.0
2018-11-09,2018,11,9,13:34:00,12,AVENIDA,PEATON,FEMENINO,51.0
2018-11-09,2018,11,9,16:32:00,10,AVENIDA,PEATON,FEMENINO,72.0
2018-11-12,2018,11,12,01:00:00,8,AUTOPISTA,AUTO,MASCULINO,33.0
2018-11-12,2018,11,12,03:32:00,9,GRAL PAZ,AUTO,MASCULINO,25.0
2018-11-15,2018,11,15,19:40:00,9,AUTOPISTA,CARGAS,MASCULINO,44.0
2018-11-16,2018,11,16,21:12:00,4,AVENIDA,PEATON,MASCULINO,29.0
2018-11-18,2018,11,18,12:11:00,9,GRAL PAZ,MOTO,MASCULINO,27.0
2018-11-19,2018,11,19,09:14:00,12,GRAL PAZ,MOTO,MASCULINO,29.0
2018-11-25,2018,11,25,04:30:00,9,GRAL PAZ,AUTO,MASCULINO,49.0
2018-11-25,2018,11,25,04:30:00,9,GRAL PAZ,AUTO,FEMENINO,39.0
2018-11-28,2018,11,28,04:01:00,15,AVENIDA,MOTO,MASCULINO,37.0
2018-12-03,2018,12,3,03:00:00,10,AVENIDA,MOTO,MASCULINO,42.16716867469879
2018-12-07,2018,12,7,19:10:00,1,AVENIDA,MOTO,MASCULINO,29.0
2018-12-12,2018,12,12,08:26:00,2,AUTOPISTA,PEATON,MASCULINO,70.0
2018-12-12,2018,12,12,14:07:00,7,AVENIDA,PEATON,FEMENINO,60.0
2018-12-12,2018,12,12,21:00:00,7,AVENIDA,PEATON,MASCULINO,56.0
2018-12-18,2018,12,18,14:40:00,1,AVENIDA,PEATON,MASCULINO,80.0
2018-12-18,2018,12,18,15:42:00,7,AVENIDA,PEATON,FEMENINO,70.0
2018-12-18,2018,12,18,20:15:00,1,CALLE,MOTO,MASCULINO,29.0
2018-12-21,2018,12,21,09:30:00,10,CALLE,PASAJEROS,FEMENINO,79.0
2018-12-22,2018,12,22,06:30:00,7,CALLE,MOTO,MASCULINO,28.0
2018-12-22,2018,12,22,08:05:00,1,CALLE,AUTO,MASCULINO,78.0
2018-12-22,2018,12,22,17:40:00,5,AVENIDA,PEATON,MASCULINO,75.0
2018-12-25,2018,12,25,13:30:00,12,GRAL PAZ,CARGAS,MASCULINO,32.0
2018-12-29,2018,12,29,05:25:00,10,AVENIDA,MOTO,MASCULINO,22.0
2019-01-08,2019,1,8,08:30:00,2,AVENIDA,MOTO,MASCULINO,25.0
2019-01-09,2019,1,9,04:00:00,7,AVENIDA,AUTO,MASCULINO,32.0
2019-01-12,2019,1,12,08:00:00,15,AVENIDA,MOTO,MASCULINO,23.0
2019-01-14,2019,1,14,19:58:00,9,AVENIDA,AUTO,MASCULINO,71.0
2019-01-19,2019,1,19,12:00:00,10,AVENIDA,MOTO,MASCULINO,43.0
2019-01-23,2019,1,23,05:45:00,14,AVENIDA,PEATON,FEMENINO,12.0
2019-01-26,2019,1,26,19:34:00,5,CALLE,MOTO,MASCULINO,35.0
2019-01-30,2019,1,30,22:45:00,8,GRAL PAZ,MOTO,MASCULINO,42.0
2019-01-31,2019,1,31,14:55:00,1,AVENIDA,MOTO,MASCULINO,34.0
2019-02-02,2019,2,2,07:50:00,14,AVENIDA,PEATON,MASCULINO,42.16716867469879
2019-02-02,2019,2,2,07:50:00,14,AVENIDA,PEATON,MASCULINO,59.0
2019-02-10,2019,2,10,01:00:00,9,GRAL PAZ,PEATON,MASCULINO,42.16716867469879
2019-02-17,2019,2,17,03:16:00,8,AVENIDA,MOTO,MASCULINO,31.0
2019-02-20,2019,2,20,07:30:00,7,CALLE,PEATON,MASCULINO,39.0
2019-02-20,2019,2,20,17:30:00,11,CALLE,MOTO,MASCULINO,69.0
2019-02-23,2019,2,23,06:57:00,11,AVENIDA,AUTO,MASCULINO,21.0
2019-02-24,2019,2,24,02:00:00,4,CALLE,MOTO,MASCULINO,40.0
2019-03-03,2019,3,3,07:00:00,3,CALLE,AUTO,MASCULINO,22.0
2019-03-03,2019,3,3,23:30:00,13,AUTOPISTA,PEATON,FEMENINO,29.0
2019-03-06,2019,3,6,12:00:00,13,AVENIDA,MOTO,MASCULINO,42.16716867469879
2019-03-07,2019,3,7,21:01:00,5,AVENIDA,MOTO,MASCULINO,43.0
2019-03-15,2019,3,15,22:50:00,7,AVENIDA,MOTO,MASCULINO,23.0
2019-03-15,2019,3,15,1900-01-02 00:00:00,1,AVENIDA,AUTO,MASCULINO,42.16716867469879
2019-03-16,2019,3,16,08:28:00,9,GRAL PAZ,AUTO,MASCULINO,34.0
2019-03-19,2019,3,19,1900-01-14 07:12:00,1,AVENIDA,MOTO,MASCULINO,32.0
2019-03-22,2019,3,22,13:10:00,5,CALLE,PEATON,MASCULINO,27.0
2019-03-28,2019,3,28,07:32:00,8,AVENIDA,PEATON,MASCULINO,42.16716867469879
2019-03-28,2019,3,28,11:11:00,2,AVENIDA,BICICLETA,MASCULINO,37.0
2019-04-06,2019,4,6,09:15:00,11,AVENIDA,PEATON,FEMENINO,42.16716867469879
2019-04-07,2019,4,7,10:15:00,8,AVENIDA,MOTO,MASCULINO,27.0
2019-04-09,2019,4,9,16:00:00,7,CALLE,MOTO,MASCULINO,25.0
2019-04-12,2019,4,12,19:55:00,1,AVENIDA,BICICLETA,MASCULINO,20.0
2019-04-16,2019,4,16,11:00:00,11,AVENIDA,PEATON,FEMENINO,83.0
2019-04-18,2019,4,18,01:00:00,1,AUTOPISTA,MOTO,MASCULINO,25.0
2019-04-21,2019,4,21,09:08:00,7,AVENIDA,MOTO,MASCULINO,42.16716867469879
2019-04-23,2019,4,23,14:10:00,1,CALLE,PEATON,FEMENINO,75.0
2019-04-26,2019,4,26,22:46:00,6,CALLE,MOTO,MASCULINO,34.0
2019-05-01,2019,5,1,23:10:00,3,AVENIDA,MOTO,MASCULINO,17.0
2019-05-04,2019,5,4,14:10:00,13,AVENIDA,PEATON,FEMENINO,42.0
2019-05-09,2019,5,9,03:05:00,7,AVENIDA,MOTO,MASCULINO,28.0
2019-05-09,2019,5,9,12:45:00,7,CALLE,MOTO,MASCULINO,44.0
2019-05-11,2019,5,11,20:30:00,9,AVENIDA,AUTO,FEMENINO,78.0
2019-05-14,2019,5,14,15:00:00,1,CALLE,PEATON,MASCULINO,39.0
2019-05-21,2019,5,21,09:00:00,1,AVENIDA,BICICLETA,FEMENINO,42.16716867469879
2019-05-27,2019,5,27,12:45:00,5,AVENIDA,PEATON,FEMENINO,77.0
2019-06-03,2019,6,3,07:27:00,14,AVENIDA,MOTO,MASCULINO,33.0
2019-06-04,2019,6,4,09:00:00,13,GRAL PAZ,MOTO,FEMENINO,26.0
2019-06-06,2019,6,6,10:00:00,4,AVENIDA,PEATON,MASCULINO,76.0
2019-06-07,2019,6,7,07:00:00,6,AVENIDA,MOTO,MASCULINO,32.0
2019-06-08,2019,6,8,09:20:00,13,CALLE,PEATON,FEMENINO,72.0
2019-06-08,2019,6,8,23:35:00,14,AVENIDA,MOTO,MASCULINO,21.0
2019-06-11,2019,6,11,10:00:00,4,CALLE,MOTO,MASCULINO,41.0
2019-06-14,2019,6,14,17:20:00,8,AVENIDA,AUTO,MASCULINO,49.0
2019-06-20,2019,6,20,03:00:00,15,CALLE,MOTO,MASCULINO,21.0
2019-06-20,2019,6,20,19:45:00,1,AVENIDA,MOTO,MASCULINO,47.0
2019-06-29,2019,6,29,17:16:00,7,AVENIDA,PEATON,FEMENINO,75.0
2019-07-05,2019,7,5,19:00:00,13,CALLE,PEATON,FEMENINO,63.0
2019-07-10,2019,7,10,09:20:00,10,AUTOPISTA,MOTO,MASCULINO,39.0
2019-07-13,2019,7,13,22:35:00,1,CALLE,MOTO,MASCULINO,30.0
2019-07-17,2019,7,17,11:20:00,10,AVENIDA,PEATON,FEMENINO,78.0
2019-07-17,2019,7,17,18:40:00,13,CALLE,PEATON,FEMENINO,58.0
2019-08-01,2019,8,1,23:00:00,13,AVENIDA,PEATON,FEMENINO,60.0
2019-08-04,2019,8,4,01:30:00,15,AVENIDA,MOTO,MASCULINO,42.16716867469879
2019-08-06,2019,8,6,03:15:00,7,AVENIDA,MOTO,MASCULINO,20.0
2019-08-08,2019,8,8,16:45:00,4,CALLE,PEATON,FEMENINO,55.0
2019-08-11,2019,8,11,21:15:00,7,AVENIDA,PEATON,MASCULINO,40.0
2019-08-14,2019,8,14,15:00:00,10,CALLE,MOTO,MASCULINO,35.0
2019-08-14,2019,8,14,17:40:00,8,AVENIDA,MOTO,MASCULINO,53.0
2019-08-17,2019,8,17,05:25:00,4,AVENIDA,MOTO,MASCULINO,43.0
2019-08-22,2019,8,22,12:30:00,14,AVENIDA,MOTO,MASCULINO,25.0
2019-08-27,2019,8,27,11:30:00,9,AVENIDA,PEATON,MASCULINO,42.16716867469879
2019-08-28,2019,8,28,06:20:00,10,AVENIDA,AUTO,MASCULINO,22.0
2019-08-29,2019,8,29,01:50:00,15,AVENIDA,AUTO,MASCULINO,29.0
2019-08-29,2019,8,29,09:00:00,13,AUTOPISTA,MOTO,MASCULINO,35.0
2019-08-30,2019,8,30,23:20:00,4,CALLE,MOTO,MASCULINO,31.0
2019-09-05,2019,9,5,18:00:00,4,AUTOPISTA,MOTO,FEMENINO,29.0
2019-09-08,2019,9,8,03:40:00,14,AVENIDA,PEATON,FEMENINO,28.0
2019-09-12,2019,9,12,08:25:00,4,AVENIDA,PEATON,FEMENINO,72.0
2019-09-17,2019,9,17,05:30:00,5,CALLE,MOTO,MASCULINO,57.0
2019-09-17,2019,9,17,1900-01-04 18:40:00,13,GRAL PAZ,PEATON,MASCULINO,76.0
2019-09-23,2019,9,23,16:00:00,15,AVENIDA,PEATON,MASCULINO,67.0
2019-09-25,2019,9,25,07:45:00,8,AVENIDA,BICICLETA,MASCULINO,47.0
2019-09-26,2019,9,26,08:00:00,9,CALLE,AUTO,MASCULINO,73.0
2019-09-27,2019,9,27,11:45:00,7,CALLE,BICICLETA,FEMENINO,40.0
2019-10-09,2019,10,9,22:18:00,10,CALLE,BICICLETA,MASCULINO,20.0
2019-10-15,2019,10,15,14:10:00,15,AVENIDA,MOTO,MASCULINO,29.0
2019-10-21,2019,10,21,21:00:00,12,AVENIDA,MOTO,MASCULINO,41.0
2019-10-22,2019,10,22,20:00:00,4,AVENIDA,PEATON,MASCULINO,27.0
2019-10-23,2019,10,23,15:45:00,4,AVENIDA,PEATON,FEMENINO,92.0
2019-10-24,2019,10,24,18:26:00,9,AVENIDA,PEATON,MASCULINO,67.0
2019-11-01,2019,11,1,20:50:00,15,AVENIDA,PEATON,MASCULINO,35.0
2019-11-03,2019,11,3,10:30:00,4,CALLE,PEATON,MASCULINO,37.0
2019-11-13,2019,11,13,11:50:00,11,AVENIDA,BICICLETA,MASCULINO,16.0
2019-11-18,2019,11,18,14:00:00,15,CALLE,MOTO,FEMENINO,42.16716867469879
2019-11-20,2019,11,20,15:30:00,1,AUTOPISTA,MOTO,MASCULINO,42.16716867469879
2019-11-22,2019,11,22,19:33:00,1,AVENIDA,PEATON,MASCULINO,73.0
2019-11-25,2019,11,25,08:50:00,9,AUTOPISTA,MOTO,FEMENINO,23.0
2019-11-25,2019,11,25,14:00:00,15,AVENIDA,PASAJEROS,FEMENINO,61.0
2019-12-05,2019,12,5,17:30:00,12,AVENIDA,MOTO,MASCULINO,38.0
2019-12-17,2019,12,17,04:20:00,4,AVENIDA,MOTO,MASCULINO,25.0
2019-12-17,2019,12,17,14:30:00,9,CALLE,MOTO,MASCULINO,18.0
2019-12-18,2019,12,18,,11,GRAL PAZ,MOTO,MASCULINO,24.0
2019-12-21,2019,12,21,04:25:00,10,AVENIDA,MOTO,FEMENINO,23.0
2019-05-05,2019,5,5,11:00:00,10,AVENIDA,PEATON,FEMENINO,82.0
2020-01-04,2020,1,4,10:40:00,15,CALLE,PEATON,FEMENINO,87.0
2020-01-05,2020,1,5,20:00:00,7,AVENIDA,MOTO,MASCULINO,36.0
2020-01-11,2020,1,11,06:00:00,3,AVENIDA,PEATON,MASCULINO,44.0
2020-01-14,2020,1,14,21:40:00,1,AVENIDA,PEATON,MASCULINO,82.0
2020-01-14,2020,1,14,06:00:00,3,AVENIDA,MOTO,MASCULINO,25.0
2020-01-20,2020,1,20,12:55:00,8,AVENIDA,MOTO,MASCULINO,23.0
2020-01-27,2020,1,27,00:37:00,1,CALLE,PEATON,MASCULINO,52.0
2020-01-30,2020,1,30,07:10:00,2,AVENIDA,MOTO,MASCULINO,49.0
2020-02-04,2020,2,4,14:50:00,5,CALLE,PEATON,MASCULINO,48.0
2020-02-08,2020,2,8,05:45:00,1,AVENIDA,MOTO,MASCULINO,42.16716867469879
2020-02-12,2020,2,12,11:29:00,5,CALLE,MOTO,MASCULINO,31.0
2020-02-18,2020,2,18,21:00:00,3,CALLE,PEATON,FEMENINO,66.0
2020-02-20,2020,2,20,12:00:00,15,AVENIDA,PEATON,FEMENINO,58.0
2020-02-27,2020,2,27,02:14:00,11,CALLE,MOTO,MASCULINO,42.16716867469879
2020-02-28,2020,2,28,14:30:00,1,AVENIDA,MOTO,MASCULINO,29.0
2020-02-29,2020,2,29,13:00:00,1,AVENIDA,PEATON,MASCULINO,68.0
2020-03-05,2020,3,5,23:00:00,3,AVENIDA,PEATON,MASCULINO,42.16716867469879
2020-03-09,2020,3,9,14:00:00,13,AVENIDA,MOTO,MASCULINO,31.0
2020-03-10,2020,3,10,21:00:00,5,CALLE,PEATON,FEMENINO,80.0
2020-03-13,2020,3,13,17:30:00,3,AVENIDA,PEATON,FEMENINO,74.0
2020-03-14,2020,3,14,16:50:00,2,CALLE,PEATON,FEMENINO,87.0
2020-04-07,2020,4,7,06:15:00,9,AUTOPISTA,AUTO,MASCULINO,44.0
2020-04-09,2020,4,9,18:42:00,4,AVENIDA,AUTO,MASCULINO,44.0
2020-04-24,2020,4,24,07:58:00,9,CALLE,AUTO,MASCULINO,53.0
2020-05-12,2020,5,12,05:35:00,3,AVENIDA,PEATON,MASCULINO,42.16716867469879
2020-05-17,2020,5,17,06:40:00,14,AUTOPISTA,MOTO,MASCULINO,28.0
2020-05-18,2020,5,18,08:00:00,8,AVENIDA,PEATON,MASCULINO,76.0
2020-05-19,2020,5,19,10:00:00,15,AVENIDA,PEATON,MASCULINO,91.0
2020-06-10,2020,6,10,14:00:00,9,GRAL PAZ,PEATON,MASCULINO,80.0
2020-06-16,2020,6,16,15:00:00,6,AVENIDA,MOTO,MASCULINO,40.0
2020-06-30,2020,6,30,08:00:00,9,AVENIDA,MOTO,MASCULINO,29.0
2020-07-10,2020,7,10,23:00:00,15,AVENIDA,MOTO,MASCULINO,21.0
2020-07-19,2020,7,19,06:25:00,13,GRAL PAZ,AUTO,MASCULINO,32.0
2020-08-02,2020,8,2,03:20:00,3,CALLE,PEATON,FEMENINO,42.16716867469879
2020-08-04,2020,8,4,05:30:00,7,AUTOPISTA,MOTO,MASCULINO,40.0
2020-08-07,2020,8,7,18:40:00,14,AVENIDA,PEATON,MASCULINO,72.0
2020-08-29,2020,8,29,04:30:00,8,AVENIDA,PEATON,MASCULINO,38.0
2020-08-30,2020,8,30,04:00:00,14,AVENIDA,AUTO,MASCULINO,46.0
2020-08-30,2020,8,30,04:00:00,14,AVENIDA,AUTO,MASCULINO,64.0
2020-09-01,2020,9,1,19:17:42,9,CALLE,PEATON,MASCULINO,44.0
2020-09-12,2020,9,12,03:30:00,2,AVENIDA,AUTO,MASCULINO,42.16716867469879
2020-09-28,2020,9,28,01:45:00,7,AVENIDA,MOTO,MASCULINO,34.0
2020-09-29,2020,9,29,17:10:00,8,AVENIDA,PEATON,FEMENINO,53.0
2020-09-30,2020,9,30,17:20:00,1,AVENIDA,PEATON,MASCULINO,64.0
2020-10-05,2020,10,5,00:20:00,6,AVENIDA,AUTO,MASCULINO,43.0
2020-10-19,2020,10,19,03:00:00,8,GRAL PAZ,AUTO,MASCULINO,50.0
2020-10-27,2020,10,27,21:00:00,11,AVENIDA,MOTO,MASCULINO,41.0
2020-10-27,2020,10,27,14:00:00,9,AUTOPISTA,PEATON,MASCULINO,15.0
2020-10-29,2020,10,29,20:20:00,15,AVENIDA,MOTO,MASCULINO,41.0
2020-10-30,2020,10,30,20:00:00,1,AVENIDA,PEATON,MASCULINO,36.0
2020-11-01,2020,11,1,22:00:00,14,AVENIDA,PEATON,FEMENINO,28.0
2020-11-05,2020,11,5,00:40:00,10,AVENIDA,MOTO,MASCULINO,49.0
2020-11-07,2020,11,7,06:50:00,3,AVENIDA,BICICLETA,MASCULINO,44.0
2020-11-09,2020,11,9,03:30:00,4,AVENIDA,AUTO,MASCULINO,27.0
2020-11-19,2020,11,19,09:00:00,4,CALLE,BICICLETA,MASCULINO,59.0
2020-11-19,2020,11,19,12:30:00,12,AVENIDA,PEATON,MASCULINO,91.0
2020-11-21,2020,11,21,13:00:00,8,GRAL PAZ,MOTO,FEMENINO,34.0
2020-11-23,2020,11,23,07:45:00,11,AVENIDA,PEATON,MASCULINO,84.0
2020-11-24,2020,11,24,16:00:00,10,AVENIDA,PEATON,MASCULINO,57.0
2020-12-01,2020,12,1,06:35:00,1,CALLE,PEATON,FEMENINO,49.0
2020-12-03,2020,12,3,20:30:00,9,AVENIDA,PEATON,FEMENINO,69.0
2020-12-03,2020,12,3,14:40:00,13,AUTOPISTA,MOTO,MASCULINO,45.0
2020-12-04,2020,12,4,17:19:00,3,CALLE,BICICLETA,MASCULINO,47.0
2020-12-05,2020,12,5,07:10:00,11,CALLE,PEATON_MOTO,MASCULINO,38.0
2020-12-05,2020,12,5,07:10:00,11,CALLE,PEATON_MOTO,MASCULINO,21.0
2020-12-05,2020,12,5,16:00:00,12,GRAL PAZ,MOTO,MASCULINO,24.0
2020-12-07,2020,12,7,04:30:00,10,AUTOPISTA,MOTO,MASCULINO,27.0
2020-12-11,2020,12,11,22:00:00,4,AVENIDA,PEATON,MASCULINO,51.0
2020-12-12,2020,12,12,20:30:00,2,AVENIDA,MOTO,MASCULINO,71.0
2020-12-15,2020,12,15,05:20:00,1,AVENIDA,MOTO,MASCULINO,25.0
2020-12-17,2020,12,17,15:35:00,2,AVENIDA,PEATON,FEMENINO,81.0
2020-12-17,2020,12,17,23:00:00,7,AVENIDA,PEATON,MASCULINO,4.0
2020-12-19,2020,12,19,03:30:00,3,AVENIDA,BICICLETA,MASCULINO,42.0
2020-12-20,2020,12,20,07:40:00,8,AVENIDA,MOTO,MASCULINO,56.0
2020-12-20,2020,12,20,21:00:00,7,AVENIDA,AUTO,MASCULINO,39.0
2020-12-23,2020,12,23,14:00:00,1,AVENIDA,PEATON,MASCULINO,23.0
2020-12-24,2020,12,24,12:30:00,10,AVENIDA,AUTO,FEMENINO,78.0
2020-12-25,2020,12,25,06:40:00,15,AVENIDA,MOTO,FEMENINO,30.0
2020-12-25,2020,12,25,06:40:00,15,AVENIDA,MOTO,FEMENINO,24.0
2020-12-25,2020,12,25,05:50:00,7,CALLE,BICICLETA,MASCULINO,26.0
2020-12-27,2020,12,27,04:15:00,12,GRAL PAZ,MOTO,MASCULINO,28.0
2021-01-06,2021,1,6,18:00:00,1,AUTOPISTA,MOTO,MASCULINO,36.0
2021-01-07,2021,1,7,10:20:00,9,AVENIDA,MOTO,FEMENINO,47.0
2021-01-10,2021,1,10,07:40:00,7,AUTOPISTA,MOTO,MASCULINO,27.0
2021-01-11,2021,1,11,09:12:18,5,AVENIDA,PEATON,FEMENINO,61.0
2021-01-11,2021,1,11,21:30:00,9,AVENIDA,PEATON,MASCULINO,73.0
2021-01-12,2021,1,12,21:00:00,14,AUTOPISTA,MOTO,FEMENINO,23.0
2021-01-18,2021,1,18,10:00:00,15,AVENIDA,MOTO,MASCULINO,84.0
2021-01-22,2021,1,22,23:30:00,4,AVENIDA,PEATON,MASCULINO,28.0
2021-01-23,2021,1,23,05:30:00,6,AVENIDA,MOTO,MASCULINO,31.0
2021-01-23,2021,1,23,08:00:00,12,GRAL PAZ,MOTO,MASCULINO,28.0
2021-01-27,2021,1,27,01:04:26,2,AVENIDA,PEATON,MASCULINO,21.0
2021-01-29,2021,1,29,20:07:22,8,AUTOPISTA,PEATON,MASCULINO,42.16716867469879
2021-01-31,2021,1,31,06:10:00,10,AVENIDA,MOTO,MASCULINO,41.0
2021-02-02,2021,2,2,00:50:00,15,AVENIDA,PEATON,MASCULINO,28.0
2021-02-06,2021,2,6,03:05:00,15,AVENIDA,MOTO,MASCULINO,26.0
2021-02-14,2021,2,14,05:50:00,8,AVENIDA,AUTO,MASCULINO,22.0
2021-02-17,2021,2,17,04:10:00,1,AVENIDA,MOTO,MASCULINO,33.0
2021-02-20,2021,2,20,19:00:00,3,CALLE,PEATON,MASCULINO,36.0
2021-02-21,2021,2,21,01:20:00,12,AVENIDA,MOTO,MASCULINO,30.0
2021-02-21,2021,2,21,15:00:00,5,CALLE,PEATON,FEMENINO,42.16716867469879
2021-02-26,2021,2,26,05:30:00,3,CALLE,MOTO,MASCULINO,39.0
2021-02-28,2021,2,28,12:00:00,13,AVENIDA,PASAJEROS,MASCULINO,68.0
2021-03-01,2021,3,1,09:20:00,4,AUTOPISTA,MOTO,MASCULINO,24.0
2021-03-03,2021,3,3,16:30:00,9,AVENIDA,BICICLETA,MASCULINO,5.0
2021-03-11,2021,3,11,03:45:00,8,GRAL PAZ,MOTO,MASCULINO,37.0
2021-03-15,2021,3,15,02:35:00,4,AUTOPISTA,MOTO,MASCULINO,36.0
2021-03-16,2021,3,16,15:30:00,12,GRAL PAZ,MOTO,FEMENINO,19.0
2021-03-29,2021,3,29,17:20:00,7,AVENIDA,PEATON,MASCULINO,42.16716867469879
2021-03-31,2021,3,31,18:05:00,7,AVENIDA,AUTO,MASCULINO,26.0
2021-04-03,2021,4,3,18:30:00,4,CALLE,PEATON,MASCULINO,36.0
2021-04-07,2021,4,7,10:29:00,1,AVENIDA,PEATON,FEMENINO,68.0
2021-04-10,2021,4,10,19:55:00,13,AUTOPISTA,PEATON,MASCULINO,60.0
2021-04-14,2021,4,14,17:50:00,5,AUTOPISTA,AUTO,MASCULINO,33.0
2021-04-19,2021,4,19,14:40:00,4,AVENIDA,MOTO,FEMENINO,26.0
2021-05-03,2021,5,3,09:20:00,8,AVENIDA,MOTO,MASCULINO,24.0
2021-05-09,2021,5,9,06:00:00,11,GRAL PAZ,MOTO,MASCULINO,36.0
2021-05-11,2021,5,11,07:10:00,13,AVENIDA,PEATON,FEMENINO,58.0
2021-05-14,2021,5,14,11:40:00,14,AVENIDA,MOTO,FEMENINO,44.0
2021-05-15,2021,5,15,12:09:00,9,AVENIDA,BICICLETA,MASCULINO,86.0
2021-05-20,2021,5,20,05:50:00,13,GRAL PAZ,MOTO,MASCULINO,27.0
2021-05-20,2021,5,20,08:30:00,14,AVENIDA,PEATON,MASCULINO,75.0
2021-05-21,2021,5,21,05:00:00,9,AVENIDA,PEATON,MASCULINO,39.0
2021-05-22,2021,5,22,18:26:00,9,AVENIDA,PEATON,MASCULINO,50.0
2021-05-25,2021,5,25,02:00:00,9,AVENIDA,MOTO,MASCULINO,21.0
2021-05-26,2021,5,26,17:24:00,4,AUTOPISTA,MOTO,MASCULINO,22.0
2021-05-31,2021,5,31,02:00:00,15,AVENIDA,AUTO,MASCULINO,20.0
2021-06-02,2021,6,2,16:00:00,4,AVENIDA,MOTO,MASCULINO,59.0
2021-06-03,2021,6,3,09:58:00,12,AVENIDA,BICICLETA,MASCULINO,44.0
2021-06-03,2021,6,3,20:30:00,8,AVENIDA,AUTO,MASCULINO,74.0
2021-06-10,2021,6,10,13:30:00,13,AVENIDA,MOTO,MASCULINO,56.0
2021-06-15,2021,6,15,19:20:00,4,AVENIDA,PEATON,MASCULINO,73.0
2021-06-20,2021,6,20,05:40:00,8,GRAL PAZ,MOTO,FEMENINO,19.0
2021-06-20,2021,6,20,12:00:00,15,AVENIDA,PEATON,MASCULINO,58.0
2021-06-22,2021,6,22,14:44:00,4,CALLE,MOTO,MASCULINO,41.0
2021-06-29,2021,6,29,12:20:00,3,AVENIDA,MOTO,MASCULINO,47.0
2021-07-09,2021,7,9,23:25:00,4,AVENIDA,BICICLETA,MASCULINO,60.0
2021-07-10,2021,7,10,23:30:00,2,AUTOPISTA,AUTO,MASCULINO,46.0
2021-07-21,2021,7,21,00:40:00,12,GRAL PAZ,PEATON,MASCULINO,24.0
2021-07-22,2021,7,22,01:20:00,3,AVENIDA,AUTO,FEMENINO,44.0
2021-07-22,2021,7,22,12:30:00,5,AVENIDA,PEATON,FEMENINO,80.0
2021-07-24,2021,7,24,09:15:00,4,AVENIDA,PEATON,FEMENINO,55.0
2021-07-27,2021,7,27,07:16:00,4,AVENIDA,AUTO,MASCULINO,73.0
2021-08-02,2021,8,2,04:40:00,7,AVENIDA,AUTO,FEMENINO,31.0
2021-08-02,2021,8,2,20:00:00,9,GRAL PAZ,PEATON,MASCULINO,37.0
2021-08-06,2021,8,6,08:30:00,6,AVENIDA,PEATON,FEMENINO,63.0
2021-08-06,2021,8,6,20:00:00,11,AVENIDA,PEATON,MASCULINO,59.0
2021-08-08,2021,8,8,09:29:00,1,AUTOPISTA,MOTO,MASCULINO,27.0
2021-08-15,2021,8,15,06:10:00,11,AVENIDA,MOTO,MASCULINO,39.0
2021-08-20,2021,8,20,17:15:00,14,AVENIDA,PEATON,MASCULINO,17.0
2021-08-28,2021,8,28,08:30:00,8,AVENIDA,MOTO,MASCULINO,31.0
2021-08-31,2021,8,31,16:00:00,3,CALLE,PEATON,MASCULINO,88.0
2021-09-01,2021,9,1,19:10:00,2,AVENIDA,PEATON,FEMENINO,57.0
2021-09-18,2021,9,18,12:20:00,2,AVENIDA,BICICLETA,FEMENINO,76.0
2021-09-20,2021,9,20,15:00:00,12,GRAL PAZ,MOTO,MASCULINO,55.0
2021-09-21,2021,9,21,14:30:00,1,CALLE,PEATON,MASCULINO,65.0
2021-10-16,2021,10,16,06:15:00,7,AVENIDA,MOTO,MASCULINO,31.0
2021-10-18,2021,10,18,07:20:00,6,AVENIDA,MOTO,FEMENINO,31.0
2021-10-23,2021,10,23,06:35:00,6,AVENIDA,MOTO,MASCULINO,22.0
2021-10-25,2021,10,25,03:30:00,3,CALLE,PEATON,MASCULINO,42.16716867469879
2021-10-28,2021,10,28,16:16:00,1,AVENIDA,MOTO,MASCULINO,32.0
2021-11-02,2021,11,2,13:35:00,4,AUTOPISTA,MOTO,MASCULINO,26.0
2021-11-06,2021,11,6,04:39:00,3,AUTOPISTA,MOTO,MASCULINO,38.0
2021-11-09,2021,11,9,00:35:00,13,AVENIDA,MOTO,MASCULINO,30.0
2021-11-11,2021,11,11,03:00:00,9,AVENIDA,AUTO,MASCULINO,32.0
2021-11-20,2021,11,20,18:30:00,12,GRAL PAZ,MOTO,MASCULINO,49.0
2021-11-25,2021,11,25,10:10:00,6,AVENIDA,PEATON,MASCULINO,75.0
2021-11-27,2021,11,27,11:22:00,1,CALLE,PEATON,FEMENINO,73.0
2021-12-01,2021,12,1,15:40:00,13,CALLE,MOTO,MASCULINO,45.0
2021-12-02,2021,12,2,01:10:00,11,AVENIDA,MOTO,MASCULINO,41.0
2021-12-10,2021,12,10,11:45:00,1,AVENIDA,PEATON,MASCULINO,73.0
2021-12-11,2021,12,11,23:00:00,10,CALLE,MOTO,MASCULINO,24.0
2021-12-12,2021,12,12,06:20:00,3,AVENIDA,PEATON,FEMENINO,50.0
2021-12-13,2021,12,13,17:10:00,7,AVENIDA,MOTO,FEMENINO,18.0
2021-12-20,2021,12,20,01:10:00,9,AUTOPISTA,MOTO,FEMENINO,43.0
2021-12-30,2021,12,30,00:43:00,11,AVENIDA,MOTO,MASCULINO,27.0
2021-12-15,2021,12,15,10:30:00,9,AVENIDA,AUTO,MASCULINO,60.0
2021-11-18,2021,11,18,06:10:00,1,CALLE,BICICLETA,MASCULINO,53.0
